,accuracy,precision,recall,f1,misclassification,specificity,sensitivity
0,0.8664546899841018,0.8068669527896996,0.8281938325991189,1.3364844680569474,0.13354531001589826,0.8880597014925373,0.8281938325991189
