,model,train_acc,val_acc,f1_score,precision,recall,misclassification
0,BERT,NaN,0.863275039745628,1.3140561625492442,0.8105726872246696,0.8105726872246696,0.13672496025437197
1,cnb-cvec-smote,0.8806207719856745,0.7869634340222575,0.7254098360655737,0.6579925650557621,0.8082191780821918,0.21303656597774245
2,word_embeddings,0.8994035720825195,0.7818471193313599,0.5305288,0.8839390277862549,0.8303964734077454,0.21815288066864014
3,word2vec,0.6551312804222107,0.6719745397567749,0.51725155,0.5352112650871277,0.0866590663790702,0.3280254602432251
