model,accuracy,precision,recall,f1,misclassification,specificity
BERT,0.95935960591133,0.9516837481698388,0.9516837481698388,0.9516837481698388,0.0406403940886699,0.9649309245483528
cnb-cvec-smote,0.9042944785276074,0.8354430379746836,0.9620991253644317,0.8943089430894309,0.09570552147239264,
word_embedding,0.7147239263803681,0.9911111111111112,0.3250728862973761,0.4895718990120746,0.2852760736196319,0.9978813559322034
w2v,0.6276073619631902,0.7801418439716312,0.1603498542274052,0.2660217654171705,0.3723926380368098,0.9671610169491526
