,accuracy,precision,recall,f1,misclassification,specificity,sensitivity
0,0.6276073619631902,0.7801418439716312,0.16034985422740525,0.2660217654171705,0.37239263803680983,0.9671610169491526,0.16034985422740525
