epoch,train_loss,train_acc,val_loss,val_acc,f1_score,precision,recall
1,0.6489151120185852,0.6475735902786255,0.6381365060806274,0.6512739062309265,0.51725155,0.2631579041481018,0.0057012541219592094
2,0.6384915113449097,0.6519491076469421,0.6308347582817078,0.6496815085411072,0.51725155,0.5555555820465088,0.011402508243918419
3,0.634300708770752,0.656324565410614,0.6251024603843689,0.6528662443161011,0.51725155,0.6274510025978088,0.03648802638053894
4,0.6337726712226868,0.6491646766662598,0.6226413249969482,0.656050980091095,0.51725155,0.4675324559211731,0.04104902967810631
5,0.6288784742355347,0.6531423926353455,0.6203131675720215,0.6608280539512634,0.51725155,0.522522509098053,0.06613454967737198
6,0.6278107166290283,0.656722366809845,0.6186292767524719,0.6671974658966064,0.51725155,0.5603448152542114,0.0741163045167923
7,0.6266016960144043,0.6551312804222107,0.6190041899681091,0.6719745397567749,0.51725155,0.5352112650871277,0.08665906637907028
