,accuracy,precision,recall,f1,misclassification,specificity,sensitivity
0,0.7147239263803681,0.9911111111111112,0.3250728862973761,0.48957189901207465,0.2852760736196319,0.9978813559322034,0.3250728862973761
